obs_id,study,cohort_id,likelihood_group,group,dose_cfu,n,y,obs_rate,CoP,phi,T_thresh,gilman_stratum,vaccine_id,psi_def,fit_lo,fit_med,fit_hi,level,n_pooled,cop_bin,CoP_lo,CoP_hi,n_bins
G20-F-naive,Gibani,OX-GIB-2019-NAIVE,ox_fev,1,25000,19,12,0.631578947368421,1,1,38,0,0,0,0.6944175985000001,0.75948119,0.8192413985,arm,1,NA,NA,NA,NA
J-F-ViPS,Jin,OX-JIN-2015-VIPS,ox_fev,1,20000,35,13,0.37142857142857144,38.11,1,38,0,0,0,0.3861113805,0.4806165,0.569479174,arm,1,NA,NA,NA,NA
J-F-ViTT,Jin,OX-JIN-2015-VITT,ox_fev,1,20000,37,13,0.35135135135135137,152.16,1,38,0,0,0,0.2708915345,0.382826,0.4998223104999999,arm,1,NA,NA,NA,NA
J-F-ctrl,Jin,OX-JIN-2015-CTRL,ox_fev,1,20000,31,24,0.7741935483870968,2.16,1,38,0,0,0,0.6342356195,0.6941703850000001,0.7533717345000001,arm,1,NA,NA,NA,NA
W-F-3,Waddington,OX-WAD-2011-D3,ox_fev,1,1000,20,11,0.55,1,1,38,0,0,0,0.4063496045,0.51927434,0.6160312455,arm,1,NA,NA,NA,NA
W-F-4,Waddington,OX-WAD-2011-D4,ox_fev,1,10000,20,13,0.65,1,1,38,0,0,0,0.634928936,0.70555625,0.7718885794999999,arm,1,NA,NA,NA,NA
J-I-ViPS,Jin,OX-JIN-2015-VIPS,ox_inf,2,20000,35,21,0.6,38.11,NA,38,0,0,0,0.46376414099999996,0.54596727,0.6229217954999999,arm,1,NA,NA,NA,NA
J-I-ViTT,Jin,OX-JIN-2015-VITT,ox_inf,2,20000,37,22,0.5945945945945946,152.16,NA,38,0,0,0,0.42382856350000003,0.5178495999999999,0.6016577975,arm,1,NA,NA,NA,NA
J-I-ctrl,Jin,OX-JIN-2015-CTRL,ox_inf,2,20000,31,22,0.7096774193548387,2.16,NA,38,0,0,0,0.519920288,0.6028688950000001,0.678140073,arm,1,NA,NA,NA,NA
W-I-3,Waddington,OX-WAD-2011-D3,ox_inf,2,1000,20,13,0.65,1,NA,38,0,0,0,0.451576211,0.531132425,0.606014268,arm,1,NA,NA,NA,NA
W-I-4,Waddington,OX-WAD-2011-D4,ox_inf,2,10000,20,8,0.4,1,NA,38,0,0,0,0.516330123,0.6005363100000001,0.6766048669999999,arm,1,NA,NA,NA,NA
Gil-F-Hhi,Gilman,MD-GIL-1975-CTRL,md_fev,3,100000,17,4,0.23529411764705882,NA,0.65,38.3,2,0,0,0.2200044055,0.3122298,0.41239282049999987,arm,1,NA,NA,NA,NA
Gil-F-Hlo,Gilman,MD-GIL-1975-CTRL,md_fev,3,100000,36,22,0.6111111111111112,NA,0.65,38.3,1,0,0,0.36039588949999996,0.43900751,0.5218031969999999,arm,1,NA,NA,NA,NA
Gil-F-rest,Gilman,MD-GIL-1975-CTRL,md_fev,3,100000,11,5,0.45454545454545453,NA,0.65,38.3,0,0,0,0.33458912150000003,0.396176415,0.457535678,arm,1,NA,NA,NA,NA
H-F-3,Hornick,MD-HOR-1965-D3,md_fev,3,1000,14,0,0,NA,0.25,39.4,0,0,0,0.00222107047,0.0110854265,0.04433251764999999,arm,1,NA,NA,NA,NA
H-F-5,Hornick,MD-HOR-1965-D5,md_fev,3,100000,116,32,0.27586206896551724,NA,0.25,39.4,0,0,0,0.2318622945,0.2966397,0.3643745055,arm,1,NA,NA,NA,NA
H-F-8,Hornick,MD-HOR-1965-D8,md_fev,3,100000000,9,8,0.8888888888888888,NA,0.25,39.4,0,0,0,0.7060265554999999,0.788322705,0.8567702519999999,arm,1,NA,NA,NA,NA
H-F-9,Hornick,MD-HOR-1965-D9,md_fev,3,1000000000,42,40,0.9523809523809523,NA,0.25,39.4,0,0,0,0.789553941,0.86409487,0.91963457,arm,1,NA,NA,NA,NA
Lev-F-1,Levine,MD-LEV-1970-T1,md_fev,3,100000,26,13,0.5,NA,0.65,38.3,0,0,0,0.33458912150000003,0.396176415,0.457535678,arm,1,NA,NA,NA,NA
Lev-F-2,Levine,MD-LEV-1971-T2,md_fev,3,100000,33,10,0.30303030303030304,NA,0.65,38.3,0,0,0,0.33458912150000003,0.396176415,0.457535678,arm,1,NA,NA,NA,NA
Lev-F-3,Levine,MD-LEV-1972-T3,md_fev,3,100000,22,12,0.5454545454545454,NA,0.65,38.3,0,0,0,0.33458912150000003,0.396176415,0.457535678,arm,1,NA,NA,NA,NA
Lev-F-4,Levine,MD-LEV-1973-T4,md_fev,3,100000,16,4,0.25,NA,0.65,38.3,0,0,0,0.33458912150000003,0.396176415,0.457535678,arm,1,NA,NA,NA,NA
Gil-I-ctrl,Gilman,MD-GIL-1975-CTRL,md_inf,4,100000,43,26,0.6046511627906976,NA,NA,38,0,0,2,0.3888215385,0.5103811,0.6034039105,arm,1,NA,NA,NA,NA
H-I-7,Hornick,MD-HOR-1965-D7,md_inf,4,10000000,30,28,0.9333333333333333,NA,NA,38,0,0,0,0.839416144,0.89095812,0.9340006729999999,arm,1,NA,NA,NA,NA
Lev-I-1,Levine,MD-LEV-1970-T1,md_inf,4,100000,26,19,0.7307692307692307,NA,NA,38,0,0,1,0.5111803075,0.5896164749999999,0.6627027305,arm,1,NA,NA,NA,NA
Lev-I-2,Levine,MD-LEV-1971-T2,md_inf,4,100000,33,15,0.45454545454545453,NA,NA,38,0,0,1,0.5111803075,0.5896164749999999,0.6627027305,arm,1,NA,NA,NA,NA
Lev-I-3,Levine,MD-LEV-1972-T3,md_inf,4,100000,22,17,0.7727272727272727,NA,NA,38,0,0,1,0.5111803075,0.5896164749999999,0.6627027305,arm,1,NA,NA,NA,NA
Lev-I-4,Levine,MD-LEV-1973-T4,md_inf,4,100000,16,6,0.375,NA,NA,38,0,0,1,0.5111803075,0.5896164749999999,0.6627027305,arm,1,NA,NA,NA,NA
H-FgI-7,Hornick,MD-HOR-1965-D7,hornick_cond,5,10000000,28,16,0.5714285714285714,NA,0.25,39.4,0,0,0,0.6780327505,0.75598476,0.8266612760000001,arm,1,NA,NA,NA,NA
D-I-m01zh09-10,Darton,OX-DAR-2013-M01ZH09,ox_inf_indiv,6,18200,1,1,1,1,1,38,0,1,0,0.6382391270000001,0.75166673,0.8449153699999999,individual,1,NA,NA,NA,NA
D-I-m01zh09-170,Darton,OX-DAR-2013-M01ZH09,ox_inf_indiv,6,18200,1,1,1,1,1,38,0,1,0,0.6382391270000001,0.75166673,0.8449153699999999,individual,1,NA,NA,NA,NA
D-I-m01zh09-207,Darton,OX-DAR-2013-M01ZH09,ox_inf_indiv,6,18200,1,0,0,1,1,38,0,1,0,0.6382391270000001,0.75166673,0.8449153699999999,individual,1,NA,NA,NA,NA
D-I-m01zh09-227,Darton,OX-DAR-2013-M01ZH09,ox_inf_indiv,6,18200,1,1,1,2.4837837837837835,1,38,0,1,0,0.6097863375,0.724094095,0.8210760304999999,individual,1,NA,NA,NA,NA
D-I-m01zh09-285,Darton,OX-DAR-2013-M01ZH09,ox_inf_indiv,6,18200,1,0,0,1,1,38,0,1,0,0.6382391270000001,0.75166673,0.8449153699999999,individual,1,NA,NA,NA,NA
D-I-m01zh09-290,Darton,OX-DAR-2013-M01ZH09,ox_inf_indiv,6,18200,1,0,0,1,1,38,0,1,0,0.6382391270000001,0.75166673,0.8449153699999999,individual,1,NA,NA,NA,NA
D-I-m01zh09-317,Darton,OX-DAR-2013-M01ZH09,ox_inf_indiv,6,18200,1,1,1,15.267567567567568,1,38,0,1,0,0.5422668235,0.666269035,0.7810965215,individual,1,NA,NA,NA,NA
D-I-m01zh09-354,Darton,OX-DAR-2013-M01ZH09,ox_inf_indiv,6,18200,1,0,0,1,1,38,0,1,0,0.6382391270000001,0.75166673,0.8449153699999999,individual,1,NA,NA,NA,NA
D-I-m01zh09-372,Darton,OX-DAR-2013-M01ZH09,ox_inf_indiv,6,18200,1,1,1,1,1,38,0,1,0,0.6382391270000001,0.75166673,0.8449153699999999,individual,1,NA,NA,NA,NA
D-I-m01zh09-388,Darton,OX-DAR-2013-M01ZH09,ox_inf_indiv,6,18200,1,1,1,1,1,38,0,1,0,0.6382391270000001,0.75166673,0.8449153699999999,individual,1,NA,NA,NA,NA
D-I-m01zh09-415,Darton,OX-DAR-2013-M01ZH09,ox_inf_indiv,6,18200,1,1,1,1,1,38,0,1,0,0.6382391270000001,0.75166673,0.8449153699999999,individual,1,NA,NA,NA,NA
D-I-m01zh09-453,Darton,OX-DAR-2013-M01ZH09,ox_inf_indiv,6,18200,1,1,1,3.8756756756756756,1,38,0,1,0,0.5941900630000001,0.70965577,0.8104457139999999,individual,1,NA,NA,NA,NA
D-I-m01zh09-458,Darton,OX-DAR-2013-M01ZH09,ox_inf_indiv,6,18200,1,1,1,55.127027027027026,1,38,0,1,0,0.48827507750000004,0.62710912,0.7534292899999999,individual,1,NA,NA,NA,NA
D-I-m01zh09-467,Darton,OX-DAR-2013-M01ZH09,ox_inf_indiv,6,18200,1,1,1,1,1,38,0,1,0,0.6382391270000001,0.75166673,0.8449153699999999,individual,1,NA,NA,NA,NA
D-I-m01zh09-552,Darton,OX-DAR-2013-M01ZH09,ox_inf_indiv,6,18200,1,1,1,1,1,38,0,1,0,0.6382391270000001,0.75166673,0.8449153699999999,individual,1,NA,NA,NA,NA
D-I-m01zh09-586,Darton,OX-DAR-2013-M01ZH09,ox_inf_indiv,6,18200,1,1,1,1,1,38,0,1,0,0.6382391270000001,0.75166673,0.8449153699999999,individual,1,NA,NA,NA,NA
D-I-m01zh09-634,Darton,OX-DAR-2013-M01ZH09,ox_inf_indiv,6,18200,1,1,1,1,1,38,0,1,0,0.6382391270000001,0.75166673,0.8449153699999999,individual,1,NA,NA,NA,NA
D-I-m01zh09-648,Darton,OX-DAR-2013-M01ZH09,ox_inf_indiv,6,18200,1,0,0,1,1,38,0,1,0,0.6382391270000001,0.75166673,0.8449153699999999,individual,1,NA,NA,NA,NA
D-I-m01zh09-696,Darton,OX-DAR-2013-M01ZH09,ox_inf_indiv,6,18200,1,0,0,1,1,38,0,1,0,0.6382391270000001,0.75166673,0.8449153699999999,individual,1,NA,NA,NA,NA
D-I-m01zh09-745,Darton,OX-DAR-2013-M01ZH09,ox_inf_indiv,6,18200,1,1,1,1,1,38,0,1,0,0.6382391270000001,0.75166673,0.8449153699999999,individual,1,NA,NA,NA,NA
D-I-m01zh09-759,Darton,OX-DAR-2013-M01ZH09,ox_inf_indiv,6,18200,1,1,1,1,1,38,0,1,0,0.6382391270000001,0.75166673,0.8449153699999999,individual,1,NA,NA,NA,NA
D-I-m01zh09-770,Darton,OX-DAR-2013-M01ZH09,ox_inf_indiv,6,18200,1,1,1,1,1,38,0,1,0,0.6382391270000001,0.75166673,0.8449153699999999,individual,1,NA,NA,NA,NA
D-I-m01zh09-777,Darton,OX-DAR-2013-M01ZH09,ox_inf_indiv,6,18200,1,1,1,1,1,38,0,1,0,0.6382391270000001,0.75166673,0.8449153699999999,individual,1,NA,NA,NA,NA
D-I-m01zh09-78,Darton,OX-DAR-2013-M01ZH09,ox_inf_indiv,6,18200,1,0,0,1,1,38,0,1,0,0.6382391270000001,0.75166673,0.8449153699999999,individual,1,NA,NA,NA,NA
D-I-m01zh09-780,Darton,OX-DAR-2013-M01ZH09,ox_inf_indiv,6,18200,1,0,0,1,1,38,0,1,0,0.6382391270000001,0.75166673,0.8449153699999999,individual,1,NA,NA,NA,NA
D-I-m01zh09-791,Darton,OX-DAR-2013-M01ZH09,ox_inf_indiv,6,18200,1,1,1,1,1,38,0,1,0,0.6382391270000001,0.75166673,0.8449153699999999,individual,1,NA,NA,NA,NA
D-I-m01zh09-814,Darton,OX-DAR-2013-M01ZH09,ox_inf_indiv,6,18200,1,0,0,1,1,38,0,1,0,0.6382391270000001,0.75166673,0.8449153699999999,individual,1,NA,NA,NA,NA
D-I-m01zh09-851,Darton,OX-DAR-2013-M01ZH09,ox_inf_indiv,6,18200,1,1,1,1,1,38,0,1,0,0.6382391270000001,0.75166673,0.8449153699999999,individual,1,NA,NA,NA,NA
D-I-m01zh09-882,Darton,OX-DAR-2013-M01ZH09,ox_inf_indiv,6,18200,1,1,1,19.148648648648646,1,38,0,1,0,0.531695823,0.659525445,0.7766230789999999,individual,1,NA,NA,NA,NA
D-I-m01zh09-962,Darton,OX-DAR-2013-M01ZH09,ox_inf_indiv,6,18200,1,0,0,1,1,38,0,1,0,0.6382391270000001,0.75166673,0.8449153699999999,individual,1,NA,NA,NA,NA
D-I-m01zh09-979,Darton,OX-DAR-2013-M01ZH09,ox_inf_indiv,6,18200,1,1,1,2.5648648648648646,1,38,0,1,0,0.608952731,0.723064325,0.820397639,individual,1,NA,NA,NA,NA
D-I-plac-102,Darton,OX-DAR-2013-PLAC,ox_inf_indiv,6,18200,1,0,0,1,1,38,0,0,0,0.8094683715,0.8637195449999999,0.910409451,individual,1,NA,NA,NA,NA
D-I-plac-149,Darton,OX-DAR-2013-PLAC,ox_inf_indiv,6,18200,1,1,1,1,1,38,0,0,0,0.8094683715,0.8637195449999999,0.910409451,individual,1,NA,NA,NA,NA
D-I-plac-179,Darton,OX-DAR-2013-PLAC,ox_inf_indiv,6,18200,1,1,1,6.748648648648648,1,38,0,0,0,0.751018318,0.81510481,0.8712269855,individual,1,NA,NA,NA,NA
D-I-plac-200,Darton,OX-DAR-2013-PLAC,ox_inf_indiv,6,18200,1,0,0,6.324324324324324,1,38,0,0,0,0.7534759314999999,0.816757725,0.8724444685,individual,1,NA,NA,NA,NA
D-I-plac-330,Darton,OX-DAR-2013-PLAC,ox_inf_indiv,6,18200,1,1,1,1,1,38,0,0,0,0.8094683715,0.8637195449999999,0.910409451,individual,1,NA,NA,NA,NA
D-I-plac-373,Darton,OX-DAR-2013-PLAC,ox_inf_indiv,6,18200,1,1,1,16.88108108108108,1,38,0,0,0,0.712780153,0.79128883,0.8543302725,individual,1,NA,NA,NA,NA
D-I-plac-383,Darton,OX-DAR-2013-PLAC,ox_inf_indiv,6,18200,1,1,1,11.405405405405405,1,38,0,0,0,0.7291665185,0.8014665700000001,0.8615656034999999,individual,1,NA,NA,NA,NA
D-I-plac-384,Darton,OX-DAR-2013-PLAC,ox_inf_indiv,6,18200,1,1,1,1,1,38,0,0,0,0.8094683715,0.8637195449999999,0.910409451,individual,1,NA,NA,NA,NA
D-I-plac-402,Darton,OX-DAR-2013-PLAC,ox_inf_indiv,6,18200,1,1,1,1,1,38,0,0,0,0.8094683715,0.8637195449999999,0.910409451,individual,1,NA,NA,NA,NA
D-I-plac-46,Darton,OX-DAR-2013-PLAC,ox_inf_indiv,6,18200,1,1,1,7.765405405405405,1,38,0,0,0,0.74537305,0.8113284999999999,0.8685724029999999,individual,1,NA,NA,NA,NA
D-I-plac-499,Darton,OX-DAR-2013-PLAC,ox_inf_indiv,6,18200,1,0,0,2.139972972972973,1,38,0,0,0,0.7895808745,0.84491211,0.8945471745,individual,1,NA,NA,NA,NA
D-I-plac-505,Darton,OX-DAR-2013-PLAC,ox_inf_indiv,6,18200,1,1,1,3.892432432432432,1,38,0,0,0,0.7705125945,0.8296451,0.8823351335,individual,1,NA,NA,NA,NA
D-I-plac-587,Darton,OX-DAR-2013-PLAC,ox_inf_indiv,6,18200,1,1,1,1,1,38,0,0,0,0.8094683715,0.8637195449999999,0.910409451,individual,1,NA,NA,NA,NA
D-I-plac-616,Darton,OX-DAR-2013-PLAC,ox_inf_indiv,6,18200,1,1,1,1,1,38,0,0,0,0.8094683715,0.8637195449999999,0.910409451,individual,1,NA,NA,NA,NA
D-I-plac-630,Darton,OX-DAR-2013-PLAC,ox_inf_indiv,6,18200,1,1,1,1,1,38,0,0,0,0.8094683715,0.8637195449999999,0.910409451,individual,1,NA,NA,NA,NA
D-I-plac-637,Darton,OX-DAR-2013-PLAC,ox_inf_indiv,6,18200,1,1,1,3.2216216216216216,1,38,0,0,0,0.777529693,0.834324785,0.885983079,individual,1,NA,NA,NA,NA
D-I-plac-672,Darton,OX-DAR-2013-PLAC,ox_inf_indiv,6,18200,1,1,1,2.4702702702702704,1,38,0,0,0,0.785733528,0.8411815549999999,0.8911769499999999,individual,1,NA,NA,NA,NA
D-I-plac-706,Darton,OX-DAR-2013-PLAC,ox_inf_indiv,6,18200,1,0,0,1,1,38,0,0,0,0.8094683715,0.8637195449999999,0.910409451,individual,1,NA,NA,NA,NA
D-I-plac-707,Darton,OX-DAR-2013-PLAC,ox_inf_indiv,6,18200,1,1,1,10.691891891891892,1,38,0,0,0,0.731841418,0.803224945,0.8627904654999999,individual,1,NA,NA,NA,NA
D-I-plac-761,Darton,OX-DAR-2013-PLAC,ox_inf_indiv,6,18200,1,1,1,2.402702702702703,1,38,0,0,0,0.78624857,0.84195585,0.8919070054999999,individual,1,NA,NA,NA,NA
D-I-plac-779,Darton,OX-DAR-2013-PLAC,ox_inf_indiv,6,18200,1,1,1,1,1,38,0,0,0,0.8094683715,0.8637195449999999,0.910409451,individual,1,NA,NA,NA,NA
D-I-plac-781,Darton,OX-DAR-2013-PLAC,ox_inf_indiv,6,18200,1,1,1,1,1,38,0,0,0,0.8094683715,0.8637195449999999,0.910409451,individual,1,NA,NA,NA,NA
D-I-plac-783,Darton,OX-DAR-2013-PLAC,ox_inf_indiv,6,18200,1,1,1,1,1,38,0,0,0,0.8094683715,0.8637195449999999,0.910409451,individual,1,NA,NA,NA,NA
D-I-plac-795,Darton,OX-DAR-2013-PLAC,ox_inf_indiv,6,18200,1,1,1,1,1,38,0,0,0,0.8094683715,0.8637195449999999,0.910409451,individual,1,NA,NA,NA,NA
D-I-plac-859,Darton,OX-DAR-2013-PLAC,ox_inf_indiv,6,18200,1,1,1,1,1,38,0,0,0,0.8094683715,0.8637195449999999,0.910409451,individual,1,NA,NA,NA,NA
D-I-plac-87,Darton,OX-DAR-2013-PLAC,ox_inf_indiv,6,18200,1,1,1,1,1,38,0,0,0,0.8094683715,0.8637195449999999,0.910409451,individual,1,NA,NA,NA,NA
D-I-plac-871,Darton,OX-DAR-2013-PLAC,ox_inf_indiv,6,18200,1,1,1,1,1,38,0,0,0,0.8094683715,0.8637195449999999,0.910409451,individual,1,NA,NA,NA,NA
D-I-plac-926,Darton,OX-DAR-2013-PLAC,ox_inf_indiv,6,18200,1,1,1,1,1,38,0,0,0,0.8094683715,0.8637195449999999,0.910409451,individual,1,NA,NA,NA,NA
D-I-plac-95,Darton,OX-DAR-2013-PLAC,ox_inf_indiv,6,18200,1,1,1,1,1,38,0,0,0,0.8094683715,0.8637195449999999,0.910409451,individual,1,NA,NA,NA,NA
D-I-plac-951,Darton,OX-DAR-2013-PLAC,ox_inf_indiv,6,18200,1,1,1,6.8297297297297295,1,38,0,0,0,0.750245413,0.8148320200000001,0.870854481,individual,1,NA,NA,NA,NA
D-I-ty21a-132,Darton,OX-DAR-2013-TY21A,ox_inf_indiv,6,18200,1,1,1,41.92702702702702,1,38,0,2,0,0.4073176265,0.535359375,0.6661301614999999,individual,1,NA,NA,NA,NA
D-I-ty21a-2,Darton,OX-DAR-2013-TY21A,ox_inf_indiv,6,18200,1,1,1,1,1,38,0,2,0,0.5276019319999999,0.655205735,0.7672704229999998,individual,1,NA,NA,NA,NA
D-I-ty21a-235,Darton,OX-DAR-2013-TY21A,ox_inf_indiv,6,18200,1,1,1,1,1,38,0,2,0,0.5276019319999999,0.655205735,0.7672704229999998,individual,1,NA,NA,NA,NA
D-I-ty21a-238,Darton,OX-DAR-2013-TY21A,ox_inf_indiv,6,18200,1,0,0,16.818918918918918,1,38,0,2,0,0.43943969550000006,0.563734865,0.686469117,individual,1,NA,NA,NA,NA
D-I-ty21a-250,Darton,OX-DAR-2013-TY21A,ox_inf_indiv,6,18200,1,1,1,1,1,38,0,2,0,0.5276019319999999,0.655205735,0.7672704229999998,individual,1,NA,NA,NA,NA
D-I-ty21a-298,Darton,OX-DAR-2013-TY21A,ox_inf_indiv,6,18200,1,1,1,1,1,38,0,2,0,0.5276019319999999,0.655205735,0.7672704229999998,individual,1,NA,NA,NA,NA
D-I-ty21a-349,Darton,OX-DAR-2013-TY21A,ox_inf_indiv,6,18200,1,0,0,1,1,38,0,2,0,0.5276019319999999,0.655205735,0.7672704229999998,individual,1,NA,NA,NA,NA
D-I-ty21a-403,Darton,OX-DAR-2013-TY21A,ox_inf_indiv,6,18200,1,0,0,1,1,38,0,2,0,0.5276019319999999,0.655205735,0.7672704229999998,individual,1,NA,NA,NA,NA
D-I-ty21a-421,Darton,OX-DAR-2013-TY21A,ox_inf_indiv,6,18200,1,1,1,1,1,38,0,2,0,0.5276019319999999,0.655205735,0.7672704229999998,individual,1,NA,NA,NA,NA
D-I-ty21a-47,Darton,OX-DAR-2013-TY21A,ox_inf_indiv,6,18200,1,1,1,25.784594594594594,1,38,0,2,0,0.424726043,0.550240925,0.6768411299999999,individual,1,NA,NA,NA,NA
D-I-ty21a-514,Darton,OX-DAR-2013-TY21A,ox_inf_indiv,6,18200,1,0,0,13.667567567567566,1,38,0,2,0,0.446522785,0.570358015,0.692053322,individual,1,NA,NA,NA,NA
D-I-ty21a-522,Darton,OX-DAR-2013-TY21A,ox_inf_indiv,6,18200,1,1,1,36.17837837837838,1,38,0,2,0,0.4124199755,0.5399373350000001,0.6696557799999999,individual,1,NA,NA,NA,NA
D-I-ty21a-568,Darton,OX-DAR-2013-TY21A,ox_inf_indiv,6,18200,1,1,1,1,1,38,0,2,0,0.5276019319999999,0.655205735,0.7672704229999998,individual,1,NA,NA,NA,NA
D-I-ty21a-584,Darton,OX-DAR-2013-TY21A,ox_inf_indiv,6,18200,1,0,0,1,1,38,0,2,0,0.5276019319999999,0.655205735,0.7672704229999998,individual,1,NA,NA,NA,NA
D-I-ty21a-594,Darton,OX-DAR-2013-TY21A,ox_inf_indiv,6,18200,1,0,0,12.483783783783782,1,38,0,2,0,0.449712555,0.57300905,0.6943109715,individual,1,NA,NA,NA,NA
D-I-ty21a-631,Darton,OX-DAR-2013-TY21A,ox_inf_indiv,6,18200,1,1,1,1,1,38,0,2,0,0.5276019319999999,0.655205735,0.7672704229999998,individual,1,NA,NA,NA,NA
D-I-ty21a-644,Darton,OX-DAR-2013-TY21A,ox_inf_indiv,6,18200,1,1,1,5.274054054054053,1,38,0,2,0,0.48028752799999996,0.60038014,0.7162638705,individual,1,NA,NA,NA,NA
D-I-ty21a-650,Darton,OX-DAR-2013-TY21A,ox_inf_indiv,6,18200,1,1,1,1,1,38,0,2,0,0.5276019319999999,0.655205735,0.7672704229999998,individual,1,NA,NA,NA,NA
D-I-ty21a-656,Darton,OX-DAR-2013-TY21A,ox_inf_indiv,6,18200,1,0,0,1,1,38,0,2,0,0.5276019319999999,0.655205735,0.7672704229999998,individual,1,NA,NA,NA,NA
D-I-ty21a-703,Darton,OX-DAR-2013-TY21A,ox_inf_indiv,6,18200,1,1,1,1,1,38,0,2,0,0.5276019319999999,0.655205735,0.7672704229999998,individual,1,NA,NA,NA,NA
D-I-ty21a-765,Darton,OX-DAR-2013-TY21A,ox_inf_indiv,6,18200,1,1,1,1,1,38,0,2,0,0.5276019319999999,0.655205735,0.7672704229999998,individual,1,NA,NA,NA,NA
D-I-ty21a-800,Darton,OX-DAR-2013-TY21A,ox_inf_indiv,6,18200,1,1,1,1,1,38,0,2,0,0.5276019319999999,0.655205735,0.7672704229999998,individual,1,NA,NA,NA,NA
D-I-ty21a-836,Darton,OX-DAR-2013-TY21A,ox_inf_indiv,6,18200,1,0,0,1,1,38,0,2,0,0.5276019319999999,0.655205735,0.7672704229999998,individual,1,NA,NA,NA,NA
D-I-ty21a-857,Darton,OX-DAR-2013-TY21A,ox_inf_indiv,6,18200,1,0,0,1,1,38,0,2,0,0.5276019319999999,0.655205735,0.7672704229999998,individual,1,NA,NA,NA,NA
D-I-ty21a-888,Darton,OX-DAR-2013-TY21A,ox_inf_indiv,6,18200,1,0,0,1,1,38,0,2,0,0.5276019319999999,0.655205735,0.7672704229999998,individual,1,NA,NA,NA,NA
D-I-ty21a-900,Darton,OX-DAR-2013-TY21A,ox_inf_indiv,6,18200,1,0,0,1,1,38,0,2,0,0.5276019319999999,0.655205735,0.7672704229999998,individual,1,NA,NA,NA,NA
D-I-ty21a-912,Darton,OX-DAR-2013-TY21A,ox_inf_indiv,6,18200,1,1,1,3.2567567567567566,1,38,0,2,0,0.49477963599999997,0.616004405,0.730648928,individual,1,NA,NA,NA,NA
D-I-ty21a-965,Darton,OX-DAR-2013-TY21A,ox_inf_indiv,6,18200,1,0,0,1,1,38,0,2,0,0.5276019319999999,0.655205735,0.7672704229999998,individual,1,NA,NA,NA,NA
D-I-ty21a-968,Darton,OX-DAR-2013-TY21A,ox_inf_indiv,6,18200,1,0,0,1,1,38,0,2,0,0.5276019319999999,0.655205735,0.7672704229999998,individual,1,NA,NA,NA,NA
D-FgI-m01zh09-10,Darton,OX-DAR-2013-M01ZH09,ox_fevginf_indiv,7,18200,1,1,1,1,1,38,0,1,0,0.6246065514999999,0.74794034,0.8575291154999999,individual,1,NA,NA,NA,NA
D-FgI-m01zh09-170,Darton,OX-DAR-2013-M01ZH09,ox_fevginf_indiv,7,18200,1,1,1,1,1,38,0,1,0,0.6246065514999999,0.74794034,0.8575291154999999,individual,1,NA,NA,NA,NA
D-FgI-m01zh09-227,Darton,OX-DAR-2013-M01ZH09,ox_fevginf_indiv,7,18200,1,1,1,2.4837837837837835,1,38,0,1,0,0.5618177765,0.6839626400000001,0.7998473835,individual,1,NA,NA,NA,NA
D-FgI-m01zh09-317,Darton,OX-DAR-2013-M01ZH09,ox_fevginf_indiv,7,18200,1,1,1,15.267567567567568,1,38,0,1,0,0.42003984099999997,0.555921275,0.6976887749999999,individual,1,NA,NA,NA,NA
D-FgI-m01zh09-372,Darton,OX-DAR-2013-M01ZH09,ox_fevginf_indiv,7,18200,1,1,1,1,1,38,0,1,0,0.6246065514999999,0.74794034,0.8575291154999999,individual,1,NA,NA,NA,NA
D-FgI-m01zh09-388,Darton,OX-DAR-2013-M01ZH09,ox_fevginf_indiv,7,18200,1,1,1,1,1,38,0,1,0,0.6246065514999999,0.74794034,0.8575291154999999,individual,1,NA,NA,NA,NA
D-FgI-m01zh09-415,Darton,OX-DAR-2013-M01ZH09,ox_fevginf_indiv,7,18200,1,1,1,1,1,38,0,1,0,0.6246065514999999,0.74794034,0.8575291154999999,individual,1,NA,NA,NA,NA
D-FgI-m01zh09-453,Darton,OX-DAR-2013-M01ZH09,ox_fevginf_indiv,7,18200,1,0,0,3.8756756756756756,1,38,0,1,0,0.5277930984999999,0.65267485,0.770287921,individual,1,NA,NA,NA,NA
D-FgI-m01zh09-458,Darton,OX-DAR-2013-M01ZH09,ox_fevginf_indiv,7,18200,1,1,1,55.127027027027026,1,38,0,1,0,0.31960959299999997,0.467067075,0.6403043684999999,individual,1,NA,NA,NA,NA
D-FgI-m01zh09-467,Darton,OX-DAR-2013-M01ZH09,ox_fevginf_indiv,7,18200,1,0,0,1,1,38,0,1,0,0.6246065514999999,0.74794034,0.8575291154999999,individual,1,NA,NA,NA,NA
D-FgI-m01zh09-552,Darton,OX-DAR-2013-M01ZH09,ox_fevginf_indiv,7,18200,1,1,1,1,1,38,0,1,0,0.6246065514999999,0.74794034,0.8575291154999999,individual,1,NA,NA,NA,NA
D-FgI-m01zh09-586,Darton,OX-DAR-2013-M01ZH09,ox_fevginf_indiv,7,18200,1,1,1,1,1,38,0,1,0,0.6246065514999999,0.74794034,0.8575291154999999,individual,1,NA,NA,NA,NA
D-FgI-m01zh09-634,Darton,OX-DAR-2013-M01ZH09,ox_fevginf_indiv,7,18200,1,1,1,1,1,38,0,1,0,0.6246065514999999,0.74794034,0.8575291154999999,individual,1,NA,NA,NA,NA
D-FgI-m01zh09-745,Darton,OX-DAR-2013-M01ZH09,ox_fevginf_indiv,7,18200,1,0,0,1,1,38,0,1,0,0.6246065514999999,0.74794034,0.8575291154999999,individual,1,NA,NA,NA,NA
D-FgI-m01zh09-759,Darton,OX-DAR-2013-M01ZH09,ox_fevginf_indiv,7,18200,1,1,1,1,1,38,0,1,0,0.6246065514999999,0.74794034,0.8575291154999999,individual,1,NA,NA,NA,NA
D-FgI-m01zh09-770,Darton,OX-DAR-2013-M01ZH09,ox_fevginf_indiv,7,18200,1,1,1,1,1,38,0,1,0,0.6246065514999999,0.74794034,0.8575291154999999,individual,1,NA,NA,NA,NA
D-FgI-m01zh09-777,Darton,OX-DAR-2013-M01ZH09,ox_fevginf_indiv,7,18200,1,1,1,1,1,38,0,1,0,0.6246065514999999,0.74794034,0.8575291154999999,individual,1,NA,NA,NA,NA
D-FgI-m01zh09-791,Darton,OX-DAR-2013-M01ZH09,ox_fevginf_indiv,7,18200,1,1,1,1,1,38,0,1,0,0.6246065514999999,0.74794034,0.8575291154999999,individual,1,NA,NA,NA,NA
D-FgI-m01zh09-851,Darton,OX-DAR-2013-M01ZH09,ox_fevginf_indiv,7,18200,1,1,1,1,1,38,0,1,0,0.6246065514999999,0.74794034,0.8575291154999999,individual,1,NA,NA,NA,NA
D-FgI-m01zh09-882,Darton,OX-DAR-2013-M01ZH09,ox_fevginf_indiv,7,18200,1,0,0,19.148648648648646,1,38,0,1,0,0.401419124,0.53956624500000006,0.6871008989999999,individual,1,NA,NA,NA,NA
D-FgI-m01zh09-979,Darton,OX-DAR-2013-M01ZH09,ox_fevginf_indiv,7,18200,1,1,1,2.5648648648648646,1,38,0,1,0,0.5600397389999999,0.68191731,0.7979204705,individual,1,NA,NA,NA,NA
D-FgI-plac-149,Darton,OX-DAR-2013-PLAC,ox_fevginf_indiv,7,18200,1,1,1,1,1,38,0,0,0,0.7991514655,0.860894995,0.9157755459999999,individual,1,NA,NA,NA,NA
D-FgI-plac-179,Darton,OX-DAR-2013-PLAC,ox_fevginf_indiv,7,18200,1,1,1,6.748648648648648,1,38,0,0,0,0.668089567,0.7432707700000001,0.8184088795000001,individual,1,NA,NA,NA,NA
D-FgI-plac-330,Darton,OX-DAR-2013-PLAC,ox_fevginf_indiv,7,18200,1,1,1,1,1,38,0,0,0,0.7991514655,0.860894995,0.9157755459999999,individual,1,NA,NA,NA,NA
D-FgI-plac-373,Darton,OX-DAR-2013-PLAC,ox_fevginf_indiv,7,18200,1,1,1,16.88108108108108,1,38,0,0,0,0.5785395889999999,0.68023378,0.779269362,individual,1,NA,NA,NA,NA
D-FgI-plac-383,Darton,OX-DAR-2013-PLAC,ox_fevginf_indiv,7,18200,1,0,0,11.405405405405405,1,38,0,0,0,0.617924813,0.707612755,0.7951726735,individual,1,NA,NA,NA,NA
D-FgI-plac-384,Darton,OX-DAR-2013-PLAC,ox_fevginf_indiv,7,18200,1,1,1,1,1,38,0,0,0,0.7991514655,0.860894995,0.9157755459999999,individual,1,NA,NA,NA,NA
D-FgI-plac-402,Darton,OX-DAR-2013-PLAC,ox_fevginf_indiv,7,18200,1,1,1,1,1,38,0,0,0,0.7991514655,0.860894995,0.9157755459999999,individual,1,NA,NA,NA,NA
D-FgI-plac-46,Darton,OX-DAR-2013-PLAC,ox_fevginf_indiv,7,18200,1,1,1,7.765405405405405,1,38,0,0,0,0.6555794404999999,0.73415995,0.8121738315,individual,1,NA,NA,NA,NA
D-FgI-plac-505,Darton,OX-DAR-2013-PLAC,ox_fevginf_indiv,7,18200,1,0,0,3.892432432432432,1,38,0,0,0,0.7154215165,0.7801761,0.844041924,individual,1,NA,NA,NA,NA
D-FgI-plac-587,Darton,OX-DAR-2013-PLAC,ox_fevginf_indiv,7,18200,1,0,0,1,1,38,0,0,0,0.7991514655,0.860894995,0.9157755459999999,individual,1,NA,NA,NA,NA
D-FgI-plac-616,Darton,OX-DAR-2013-PLAC,ox_fevginf_indiv,7,18200,1,1,1,1,1,38,0,0,0,0.7991514655,0.860894995,0.9157755459999999,individual,1,NA,NA,NA,NA
D-FgI-plac-630,Darton,OX-DAR-2013-PLAC,ox_fevginf_indiv,7,18200,1,1,1,1,1,38,0,0,0,0.7991514655,0.860894995,0.9157755459999999,individual,1,NA,NA,NA,NA
D-FgI-plac-637,Darton,OX-DAR-2013-PLAC,ox_fevginf_indiv,7,18200,1,0,0,3.2216216216216216,1,38,0,0,0,0.7310845189999999,0.7919020999999999,0.8530284305,individual,1,NA,NA,NA,NA
D-FgI-plac-672,Darton,OX-DAR-2013-PLAC,ox_fevginf_indiv,7,18200,1,1,1,2.4702702702702704,1,38,0,0,0,0.7493159340000001,0.808330665,0.866546114,individual,1,NA,NA,NA,NA
D-FgI-plac-707,Darton,OX-DAR-2013-PLAC,ox_fevginf_indiv,7,18200,1,1,1,10.691891891891892,1,38,0,0,0,0.6248468355,0.71197239,0.7985388709999999,individual,1,NA,NA,NA,NA
D-FgI-plac-761,Darton,OX-DAR-2013-PLAC,ox_fevginf_indiv,7,18200,1,1,1,2.402702702702703,1,38,0,0,0,0.7509339215,0.81009071,0.8680983274999999,individual,1,NA,NA,NA,NA
D-FgI-plac-779,Darton,OX-DAR-2013-PLAC,ox_fevginf_indiv,7,18200,1,1,1,1,1,38,0,0,0,0.7991514655,0.860894995,0.9157755459999999,individual,1,NA,NA,NA,NA
D-FgI-plac-781,Darton,OX-DAR-2013-PLAC,ox_fevginf_indiv,7,18200,1,0,0,1,1,38,0,0,0,0.7991514655,0.860894995,0.9157755459999999,individual,1,NA,NA,NA,NA
D-FgI-plac-783,Darton,OX-DAR-2013-PLAC,ox_fevginf_indiv,7,18200,1,0,0,1,1,38,0,0,0,0.7991514655,0.860894995,0.9157755459999999,individual,1,NA,NA,NA,NA
D-FgI-plac-795,Darton,OX-DAR-2013-PLAC,ox_fevginf_indiv,7,18200,1,1,1,1,1,38,0,0,0,0.7991514655,0.860894995,0.9157755459999999,individual,1,NA,NA,NA,NA
D-FgI-plac-859,Darton,OX-DAR-2013-PLAC,ox_fevginf_indiv,7,18200,1,1,1,1,1,38,0,0,0,0.7991514655,0.860894995,0.9157755459999999,individual,1,NA,NA,NA,NA
D-FgI-plac-87,Darton,OX-DAR-2013-PLAC,ox_fevginf_indiv,7,18200,1,1,1,1,1,38,0,0,0,0.7991514655,0.860894995,0.9157755459999999,individual,1,NA,NA,NA,NA
D-FgI-plac-871,Darton,OX-DAR-2013-PLAC,ox_fevginf_indiv,7,18200,1,1,1,1,1,38,0,0,0,0.7991514655,0.860894995,0.9157755459999999,individual,1,NA,NA,NA,NA
D-FgI-plac-926,Darton,OX-DAR-2013-PLAC,ox_fevginf_indiv,7,18200,1,1,1,1,1,38,0,0,0,0.7991514655,0.860894995,0.9157755459999999,individual,1,NA,NA,NA,NA
D-FgI-plac-95,Darton,OX-DAR-2013-PLAC,ox_fevginf_indiv,7,18200,1,1,1,1,1,38,0,0,0,0.7991514655,0.860894995,0.9157755459999999,individual,1,NA,NA,NA,NA
D-FgI-plac-951,Darton,OX-DAR-2013-PLAC,ox_fevginf_indiv,7,18200,1,1,1,6.8297297297297295,1,38,0,0,0,0.6671896165,0.742528965,0.8177417654999999,individual,1,NA,NA,NA,NA
D-FgI-ty21a-132,Darton,OX-DAR-2013-TY21A,ox_fevginf_indiv,7,18200,1,1,1,41.92702702702702,1,38,0,2,0,0.25875630349999995,0.39674761999999997,0.5677766125,individual,1,NA,NA,NA,NA
D-FgI-ty21a-2,Darton,OX-DAR-2013-TY21A,ox_fevginf_indiv,7,18200,1,0,0,1,1,38,0,2,0,0.5096725405,0.6502493149999999,0.7823725485,individual,1,NA,NA,NA,NA
D-FgI-ty21a-235,Darton,OX-DAR-2013-TY21A,ox_fevginf_indiv,7,18200,1,1,1,1,1,38,0,2,0,0.5096725405,0.6502493149999999,0.7823725485,individual,1,NA,NA,NA,NA
D-FgI-ty21a-250,Darton,OX-DAR-2013-TY21A,ox_fevginf_indiv,7,18200,1,1,1,1,1,38,0,2,0,0.5096725405,0.6502493149999999,0.7823725485,individual,1,NA,NA,NA,NA
D-FgI-ty21a-298,Darton,OX-DAR-2013-TY21A,ox_fevginf_indiv,7,18200,1,1,1,1,1,38,0,2,0,0.5096725405,0.6502493149999999,0.7823725485,individual,1,NA,NA,NA,NA
D-FgI-ty21a-421,Darton,OX-DAR-2013-TY21A,ox_fevginf_indiv,7,18200,1,1,1,1,1,38,0,2,0,0.5096725405,0.6502493149999999,0.7823725485,individual,1,NA,NA,NA,NA
D-FgI-ty21a-47,Darton,OX-DAR-2013-TY21A,ox_fevginf_indiv,7,18200,1,1,1,25.784594594594594,1,38,0,2,0,0.29004001199999996,0.426241395,0.5905907169999999,individual,1,NA,NA,NA,NA
D-FgI-ty21a-522,Darton,OX-DAR-2013-TY21A,ox_fevginf_indiv,7,18200,1,1,1,36.17837837837838,1,38,0,2,0,0.268447315,0.40526253,0.5745122525,individual,1,NA,NA,NA,NA
D-FgI-ty21a-568,Darton,OX-DAR-2013-TY21A,ox_fevginf_indiv,7,18200,1,0,0,1,1,38,0,2,0,0.5096725405,0.6502493149999999,0.7823725485,individual,1,NA,NA,NA,NA
D-FgI-ty21a-631,Darton,OX-DAR-2013-TY21A,ox_fevginf_indiv,7,18200,1,1,1,1,1,38,0,2,0,0.5096725405,0.6502493149999999,0.7823725485,individual,1,NA,NA,NA,NA
D-FgI-ty21a-644,Darton,OX-DAR-2013-TY21A,ox_fevginf_indiv,7,18200,1,1,1,5.274054054054053,1,38,0,2,0,0.3982584125,0.53187663,0.6722874914999998,individual,1,NA,NA,NA,NA
D-FgI-ty21a-650,Darton,OX-DAR-2013-TY21A,ox_fevginf_indiv,7,18200,1,0,0,1,1,38,0,2,0,0.5096725405,0.6502493149999999,0.7823725485,individual,1,NA,NA,NA,NA
D-FgI-ty21a-703,Darton,OX-DAR-2013-TY21A,ox_fevginf_indiv,7,18200,1,1,1,1,1,38,0,2,0,0.5096725405,0.6502493149999999,0.7823725485,individual,1,NA,NA,NA,NA
D-FgI-ty21a-765,Darton,OX-DAR-2013-TY21A,ox_fevginf_indiv,7,18200,1,1,1,1,1,38,0,2,0,0.5096725405,0.6502493149999999,0.7823725485,individual,1,NA,NA,NA,NA
D-FgI-ty21a-800,Darton,OX-DAR-2013-TY21A,ox_fevginf_indiv,7,18200,1,1,1,1,1,38,0,2,0,0.5096725405,0.6502493149999999,0.7823725485,individual,1,NA,NA,NA,NA
D-FgI-ty21a-912,Darton,OX-DAR-2013-TY21A,ox_fevginf_indiv,7,18200,1,0,0,3.2567567567567566,1,38,0,2,0,0.4312963215,0.564992115,0.7023931769999999,individual,1,NA,NA,NA,NA
D-FgI-m01zh q1 (n=15),Darton,OX-DAR-2013-M01ZH09,ox_fevginf_indiv,7,18200,15,13,0.8666666666666667,1,1,38,0,NA,NA,0.6246065514999999,0.74794034,0.8575291155000002,arm,15,1,1,1,2
D-FgI-m01zh q2 (n=6),Darton,OX-DAR-2013-M01ZH09,ox_fevginf_indiv,7,18200,6,4,0.6666666666666666,9.571621621621622,1,38,0,NA,NA,0.469717119,0.597564895,0.7267559613333334,arm,6,2,2.4837837837837835,55.127027027027026,2
D-FgI-plac q1 (n=16),Darton,OX-DAR-2013-PLAC,ox_fevginf_indiv,7,18200,16,13,0.8125,1,1,38,0,NA,NA,0.7991514655000003,0.8608949949999999,0.9157755460000003,arm,16,1,1,1,2
D-FgI-plac q2 (n=10),Darton,OX-DAR-2013-PLAC,ox_fevginf_indiv,7,18200,10,7,0.7,6.789189189189189,1,38,0,NA,NA,0.67974952305,0.750794037,0.8231516930000001,arm,10,2,2.402702702702703,16.88108108108108,2
D-FgI-ty21a q1 (n=11),Darton,OX-DAR-2013-TY21A,ox_fevginf_indiv,7,18200,11,8,0.7272727272727273,1,1,38,0,NA,NA,0.5096725405,0.6502493149999999,0.7823725485,arm,11,1,1,1,2
D-FgI-ty21a q2 (n=5),Darton,OX-DAR-2013-TY21A,ox_fevginf_indiv,7,18200,5,4,0.8,25.784594594594594,1,38,0,NA,NA,0.33325106849999997,0.46466652100000005,0.6183366143,arm,5,2,3.2567567567567566,41.92702702702702,2
D-I-m01zh q1 (n=25),Darton,OX-DAR-2013-M01ZH09,ox_inf_indiv,6,18200,25,15,0.6,1,1,38,0,NA,NA,0.6382391270000003,0.75166673,0.8449153700000002,arm,25,1,1,1,2
D-I-m01zh q2 (n=6),Darton,OX-DAR-2013-M01ZH09,ox_inf_indiv,6,18200,6,6,1,9.571621621621622,1,38,0,NA,NA,0.5644671279166666,0.6841918033333334,0.7924657623333332,arm,6,2,2.4837837837837835,55.127027027027026,2
D-I-plac q1 (n=18),Darton,OX-DAR-2013-PLAC,ox_inf_indiv,6,18200,18,16,0.8888888888888888,1,1,38,0,NA,NA,0.8094683715,0.863719545,0.9104094510000003,arm,18,1,1,1,2
D-I-plac q2 (n=12),Darton,OX-DAR-2013-PLAC,ox_inf_indiv,6,18200,12,10,0.8333333333333334,6.536486486486486,1,38,0,NA,NA,0.7580394747083332,0.8201974108333334,0.8745824319583332,arm,12,2,2.139972972972973,16.88108108108108,2
D-I-ty21a q1 (n=21),Darton,OX-DAR-2013-TY21A,ox_inf_indiv,6,18200,21,11,0.5238095238095238,1,1,38,0,NA,NA,0.527601932,0.655205735,0.7672704229999998,arm,21,1,1,1,2
D-I-ty21a q2 (n=8),Darton,OX-DAR-2013-TY21A,ox_inf_indiv,6,18200,8,5,0.625,15.243243243243242,1,38,0,NA,NA,0.44512133018750005,0.5687527225,0.6901850988749999,arm,8,2,3.2567567567567566,41.92702702702702,2
